name,hj,fa,fb,fc,Qa,Qb,Qc,hj_err,fa_err,fb_err,fc_err,Qa_err,Qb_err,Qc_err
Colebrook,39.81404,0.020806,0.021281,0.022769,0.009565,0.006534,0.003031,0.0000,0.0000,0.0000,0.0000,0.0000,0.0000,0.0000
Haaland,39.86520,0.020705,0.021279,0.022764,0.009578,0.006541,0.003037,0.1285,0.4859,0.0076,0.0219,0.1399,0.1123,0.1994
Barr,39.81122,0.020812,0.021281,0.022770,0.009564,0.006533,0.003031,\bf{0.0071},\bf{0.0268},\bf{0.0004},\bf{0.0012},\bf{0.0077},\bf{0.0062},\bf{0.0110}
Swamee-Jain,39.73674,0.020960,0.021283,0.022777,0.009544,0.006523,0.003022,0.1942,0.7393,0.0115,0.0333,0.2118,0.1699,0.3019
Churchill,39.73434,0.020965,0.021283,0.022777,0.009544,0.006522,0.003022,0.2002,0.7624,0.0119,0.0343,0.2183,0.1752,0.3113
Sousa-Cunha,39.80518,0.020824,0.021281,0.022770,0.009562,0.006532,0.003030,0.0223,0.0844,0.0013,0.0038,0.0242,0.0195,0.0346
Offor-Alabi,39.82015,0.020794,0.021281,0.022769,0.009566,0.006535,0.003032,0.0153,0.0581,0.0009,0.0026,0.0167,0.0134,0.0238
Brkic,39.80305,0.020828,0.021281,0.022770,0.009562,0.006532,0.003030,0.0276,0.1047,0.0016,0.0047,0.0301,0.0241,0.0429
Fang,39.82777,0.020779,0.021280,0.022768,0.009568,0.006536,0.003033,0.0345,0.1306,0.0020,0.0059,0.0376,0.0301,0.0535
